{
	"name": "Upgradable Model For Testing",
	"details": "The upgradable model upgrades to a new set of hyperparameters (and so checkpoint)",
	"id": "tio:///models/happy-face/hyperparameters/batch-9-2-0-1-6/checkpoints/model.ckpt-321312",
	"version": "1",
	"author": "doc.ai",
	"license": "Apache 2.0",
	"model": {
		"file": "touch.tflite",
		"quantized": false,
		"type": "image.classification.imagenet",
		"backend": "tflite"
	},
	"inputs": [
		{
			"name": "image",
			"type": "image",
			"shape": [128,128,3],
			"format": "RGB"
		}
	],
	"outputs": [
		{
			"name": "classification",
			"type": "array",
			"shape": [1,1000],
			"dequantize": {
				"standard": "[0,1]"
			}
		}
	],
	"options": {
		"device_position": "back",
		"output_format": "image.classification.imagenet"
	}
}
